{"cameraMode":{"drawMode":0,"name":"Shaded","section":"Shading Mode"},"sceneLighting":false,"audioPlay":false,"sceneViewState":{"m_AlwaysRefresh":false,"showFog":true,"showSkybox":false,"showFlares":true,"showImageEffects":true,"showParticleSystems":true,"showVisualEffectGraphs":true,"m_FxEnabled":true},"in2DMode":false,"pivot":{"x":-0.019999980926513673,"y":-0.13999998569488526,"z":5.239999771118164},"rotation":{"x":0.15686394274234773,"y":0.8182712197303772,"z":-0.2642017602920532,"w":0.4858385920524597},"size":1.299038052558899,"orthographic":false}